{"cameraMode":{"drawMode":0,"name":"Shaded","section":"Shading Mode"},"sceneLighting":true,"audioPlay":false,"sceneViewState":{"showFog":true,"showMaterialUpdate":false,"showSkybox":true,"showFlares":true,"showImageEffects":true,"showParticleSystems":true},"in2DMode":false,"pivot":{"x":0.015429496765136719,"y":0.6802483797073364,"z":-0.36968767642974856},"rotation":{"x":-0.14476804435253144,"y":0.8407508730888367,"z":-0.2742462158203125,"w":-0.4438122808933258},"size":2.6275203227996828,"orthographic":false}